country,year,countryCode,continent,stunt_rural,stunt_urban,waste_rural,waste_urban,stunt_all,waste_all,electricity,agLand,agLabor,foodExport,foodImport,gdpPPP,gdpPPPpercap,giniIndex,urbanPop,urbanPopGrowth,clusterPrecipAnom,nationalTempAnom,nationalPrecipAnom
Albania,2008,ALB,Europe,0.240575609,0.244390019,0.092801203,0.124743461,0.242117167,0.105710366,100,43.10218978,44.65603,4.33398175,16.432549,29214356410,9912.196804,30,49.991,1.435124211,86.24567825,102.151715,102.0207213
Albania,2009,ALB,Europe,0.240575609,0.244390019,0.092801203,0.124743461,0.242117167,0.105710366,99.55445099,43.84306569,44.05164,5.669017116,17.08738954,30194290456,10313.952,NA,51.076,1.473287913,132.1701676,100.4701064,134.1033918
Armenia,2000,ARM,Asia,0.238901701,0.178222498,0.019989486,0.034611846,0.207806333,0.027482789,98.9,46.46996839,47.51644,13.49382569,24.96798621,12426495761,3921.857522,NA,64.666,-1.610374905,NA,102.9733511,74.55119325
Armenia,2005,ARM,Asia,0.190439763,0.214488548,0.033353698,0.081561776,0.204712199,0.061964153,99.8,56.37513172,40.8853,13.36136354,17.66295971,22120580024,7259.203892,36,63.938,-0.761535436,NA,100.5030314,114.1522551
Armenia,2010,ARM,Asia,0.253302417,0.197387509,0.053730577,0.036159996,0.221034712,0.043590842,99.8,60.94134176,38.59638,16.17640234,17.66746305,26719305576,9068.787651,30,63.44,-0.766716914,134.7734284,114.0660484,121.2561558
Armenia,2015,ARM,Asia,0.139040699,0.066921218,0.060987135,0.03473814,0.098745933,0.046321235,100,58.89357218,35.32888,28.72695158,19.76181821,33121226305,11506.03899,32.4,63.085,-0.43578728,115.0502951,107.6964305,121.3027814
Armenia,2016,ARM,Asia,0.139040699,0.066921218,0.060987135,0.03473814,0.098745933,0.046321235,99.8,58.89708465,33.59874,30.83701649,19.09424265,33187468758,11580.38364,32.5,63.082,-0.449033645,116.6067394,102.6513305,119.0017369
Azerbaijan,2006,AZE,Asia,0.318470969,0.247271059,0.089711151,0.054787207,0.283225301,0.072422959,99.5,57.55291213,39.5469,5.029066297,10.45598747,80212442407,9453.94186,NA,52.589,1.479626007,NA,100.9540179,107.7182605
Bangladesh,1996,BGD,Asia,0.607950823,0.454661778,0.223023297,0.143877263,0.588840361,0.213156204,21.14438629,71.65245448,62.87864,10.09193991,17.03077448,2.42E+11,2017.213522,NA,22.064,3.449107981,NA,100.5581312,94.1896455
Bangladesh,1997,BGD,Asia,0.607950823,0.454661778,0.223023297,0.143877263,0.588840361,0.213156204,22.4,71.94438043,62.42382,8.360057935,16.86203351,2.53E+11,2070.437442,NA,22.438,3.468605378,NA,98.19699213,96.46859411
Bangladesh,1999,BGD,Asia,0.52183048,0.355692463,0.155240797,0.109558827,0.48500192,0.14511427,29.54021454,72.87393409,61.38416,NA,NA,2.78E+11,2194.526472,NA,23.202,3.583953433,114.0303221,101.6059231,111.1761032
Bangladesh,2004,BGD,Asia,0.546528064,0.466665025,0.141236489,0.123940861,0.530814573,0.137833479,40.6,71.62172544,49.96922,6.18429964,15.60963054,3.52E+11,2537.950709,NA,26.114,4.319324359,112.8637365,100.4600383,93.03823301
Bangladesh,2007,BGD,Asia,0.447226626,0.36843772,0.187261891,0.148718067,0.430812605,0.179232092,46.5,71.18383652,47.8953,6.519945228,22.4621297,4.29E+11,2973.281318,NA,28.237,3.634036977,115.9202689,101.4913043,131.415483
Bangladesh,2011,BGD,Asia,0.429961648,0.36080786,0.168960243,0.147356327,0.414909128,0.164257776,59.6,70.12368441,46.66772,3.859956293,19.49379252,5.36E+11,3571.058639,NA,31.225,3.692842583,98.12349386,100.699269,119.910557
Bangladesh,2014,BGD,Asia,0.381624316,0.312283051,0.155582824,0.131886383,0.364260151,0.149648855,62.4,71.59867865,44.38585,NA,NA,6.42E+11,4119.424631,NA,33.535,3.577997448,87.97634736,98.80975219,81.3192875
Bangladesh,2017,BGD,Asia,0.327625085,0.257523285,0.085923418,0.096501856,0.309147508,0.088711704,88,73.45263886,40.5973,NA,NA,7.82E+11,4830.776291,NA,35.858,3.434725872,133.0326924,99.26825844,116.7012392
Bangladesh,2018,BGD,Asia,0.327625085,0.257523285,0.085923418,0.096501856,0.309147508,0.088711704,86.9152832,73.95943766,39.42393,NA,NA,8.39E+11,5124.498743,NA,36.632,3.296925086,86.18854668,98.90266419,77.4577534
Benin,1996,BEN,Africa,0.337510256,0.312469557,0.178498856,0.167935,0.328928838,0.174878635,14.5,24.03334516,54.02886,NA,NA,13881299206,2237.526186,NA,37.071,3.416917813,98.50376823,99.56467266,103.5289515
Benin,2001,BEN,Africa,0.407437248,0.316246442,0.109657728,0.075197692,0.37635876,0.097913498,21.9,28.9553033,51.03728,19.06240384,20.36073082,17922761209,2485.116378,NA,38.65,3.836005417,80.77884343,100.4085465,82.04381147
Benin,2006,BEN,Africa,0.476287506,0.36926829,0.090376982,0.083985201,0.438490622,0.088119542,27.9,29.62043278,48.42402,39.31608419,30.67828191,21419938733,2549.194262,NA,41.049,4.300155416,NA,100.4950666,95.9785318
Benin,2011,BEN,Africa,0.502015908,0.476227499,0.169262869,0.161037034,0.491776296,0.165996698,36.9,32.36963462,43.61342,38.06342344,33.92059728,25618690619,2633.938898,43.4,43.608,4.116116322,104.7781599,100.4406938,89.26319466
Benin,2012,BEN,Africa,0.502015908,0.476227499,0.169262869,0.161037034,0.491776296,0.165996698,38.4,33.25647393,41.58181,40.34158997,37.88979504,26851263035,2681.351497,NA,44.125,4.093598597,108.8579149,99.38189512,99.63986336
Benin,2017,BEN,Africa,0.360426937,0.27586931,0.052096919,0.053836792,0.327498852,0.052774453,34.5,35.03015254,32.48684,33.57562016,52.31133116,34023063768,2933.837384,NA,46.768,4.105513178,92.4232241,100.8940832,102.7454601
Benin,2018,BEN,Africa,0.360426937,0.27586931,0.052096919,0.053836792,0.327498852,0.052774453,39.0094223,35.03015254,30.61307,37.2550158,46.91938644,36301674638,3040.167354,37.9,47.312,4.078861381,NA,100.4460443,108.9688678
Bolivia,1998,BOL,Americas,0.468338781,0.287062606,0.020014387,0.015012998,0.363460182,0.017120798,71.2,34.13828118,40.66098,27.53329682,7.86723071,44284990311,5343.957412,NA,60.739,2.689602206,NA,100.3594004,92.16260596
Bolivia,2003,BOL,Americas,0.477255969,0.278365781,0.024079391,0.016284022,0.36464976,0.019665865,72.3,33.82904089,35.08316,29.58912718,13.23139092,48797364634,5387.581774,NA,63.248,2.484199244,NA,99.23534575,100.8977073
Bolivia,2004,BOL,Americas,0.477255969,0.278365781,0.024079391,0.016284022,0.36464976,0.019665865,75.86585236,33.80134773,35.08329,26.94902828,11.46935836,50833822900,5515.655819,55,63.711,2.468558749,NA,99.4928556,96.94328065
Bolivia,2008,BOL,Americas,0.388881234,0.178019314,0.022578895,0.012887964,0.274701081,0.017331328,84.674991,34.41475122,31.16428,14.02145155,9.178255871,61743173119,6248.933958,50.8,65.535,2.423400168,101.8397824,98.73417868,98.40959728
Brazil,1996,BRA,Americas,0.270670003,0.124694602,0.039192622,0.027484766,0.160364756,0.030345666,92.867095,27.267873,16.85023,29.89880136,10.76087589,1.86E+12,11224.39946,59.9,78.302,2.418151369,NA,99.1880737,102.3853103
Burkina Faso,1992,BFA,Africa,0.429447853,0.264832944,0.170415815,0.101903127,0.392525098,0.155048572,NA,34.81359649,89.10493,NA,NA,9801511802,1021.144516,NA,14.33,4.293644118,NA,97.66232661,98.43941509
Burkina Faso,1993,BFA,Africa,0.429447853,0.264832944,0.170415815,0.101903127,0.392525098,0.155048572,6.1,34.72222222,89.01929,NA,NA,10140779856,1030.559204,NA,14.593,4.303733592,NA,99.82379734,92.3004367
Burkina Faso,1998,BFA,Africa,0.445877033,0.260877842,0.166762328,0.107950034,0.412362627,0.156107908,8.107264519,36.44005848,86.59277,15.83884401,20.61643312,13756281626,1228.122869,49.9,16.51,6.670962952,NA,100.578226,104.5032574
Burkina Faso,1999,BFA,Africa,0.445877033,0.260877842,0.166762328,0.107950034,0.412362627,0.156107908,6.9,36.79093567,85.81274,15.85137525,17.72489618,14773591365,1280.92272,NA,17.166,6.821605814,NA,98.99296068,108.5806169
Burkina Faso,2003,BFA,Africa,0.47828794,0.265822602,0.242027391,0.145970889,0.443345949,0.226229965,11.4,38.22368421,83.21919,18.55981693,19.07541912,18053298083,1385.455048,43.3,19.996,6.865102857,NA,100.5359007,118.9586116
Burkina Faso,2010,BFA,Africa,0.375596839,0.214401911,0.169606735,0.158465687,0.348085696,0.167705292,13.1,41.08918129,79.1534,10.1007194,13.99649116,26784133779,1661.872021,NA,24.633,5.213942985,NA,101.1050304,111.2925519
Burundi,2010,BDI,Africa,0.594605066,0.378208309,0.06311323,0.056413199,0.576663342,0.062557722,5.3,71.37850467,88.35996,72.44681463,13.68106495,7341029825,804.3549408,NA,10.642,7.210724872,97.34565672,102.7876545,107.7240331
Burundi,2011,BDI,Africa,0.594605066,0.378208309,0.06311323,0.056413199,0.576663342,0.062557722,6.155723095,71.69003115,87.78889,50.16481782,24.67626097,7637064192,807.6649576,NA,10.915,6.075706778,102.1294384,100.2012902,129.0495009
Burundi,2016,BDI,Africa,0.583464396,0.272843326,0.054108694,0.028257047,0.555719689,0.051799622,8.477998734,76.63551402,86.32186,66.23557626,16.55016205,8333811912,764.3366022,NA,12.388,4.16327338,102.4425273,100.3558017,89.32342933
Burundi,2017,BDI,Africa,0.583464396,0.272843326,0.054108694,0.028257047,0.555719689,0.051799622,9.3,77.68691589,86.30987,59.99795055,18.95842204,8375481077,750.7876163,NA,12.706,4.821943468,98.43992026,100.7643327,82.14296133
Cambodia,2000,KHM,Asia,0.521957665,0.41146465,0.191085894,0.198229335,0.504576512,0.192209596,16.6,27.02243372,73.47632,0.959311493,9.506217703,18009895823,1486.107114,NA,18.586,2.456757645,121.6668596,99.17210666,115.688513
Cambodia,2005,KHM,Asia,0.438823609,0.346330701,0.088414834,0.08940753,0.426291526,0.088549337,20.5,30.34217086,62.10682,0.914088155,7.454209501,28146835740,2124.837457,NA,19.174,2.375768814,100.6988162,101.0675101,92.95084175
Cambodia,2006,KHM,Asia,0.438823609,0.346330701,0.088414834,0.08940753,0.426291526,0.088549337,27.48578835,30.33650578,60.10288,0.607190826,6.944163069,31178554968,2313.330332,NA,19.293,2.348980646,98.8326658,99.90246789,111.2347535
Cambodia,2010,KHM,Asia,0.413943274,0.281054698,0.123548894,0.118766117,0.39315099,0.122800561,31.1,30.60842964,54.78567,1.438796267,7.062678289,38881963567,2706.991816,NA,20.294,3.267137094,100.1427958,101.2902268,90.59978074
Cambodia,2011,KHM,Asia,0.413943274,0.281054698,0.123548894,0.118766117,0.39315099,0.122800561,37.4,30.87861885,56.54766,2.637802034,6.564590348,41630751178,2856.530786,NA,20.663,3.255822995,113.6401153,98.22112223,121.0630503
Cambodia,2014,KHM,Asia,0.337214566,0.23306115,0.108599678,0.079380633,0.322557455,0.104487794,56.1,31.73507874,45.99603,5.267180557,8.016778423,51387685545,3378.36459,NA,21.799,3.175027434,103.3538235,100.3566226,101.9803675
Cameroon,1991,CMR,Africa,0.372287725,0.248739666,0.036784757,0.02605518,0.319328534,0.032185496,29,19.35647649,68.13902,NA,NA,38298257073,3251.755036,NA,40.235,4.439236067,99.52155335,99.60051128,98.40962583
Cameroon,1998,CMR,Africa,0.402464066,0.309311014,0.094455852,0.065706952,0.376767805,0.08652547,40.7,19.37763111,67.52016,NA,15.42215744,40859163281,2854.370093,NA,44.348,3.989442456,NA,101.7837337,99.40294295
Cameroon,2004,CMR,Africa,0.442196889,0.302830173,0.07003983,0.037154126,0.375974106,0.054413554,47.1,19.4834042,62.8763,18.7619998,18.31566757,54554861376,3245.495893,NA,47.94,4.00831089,100.1308574,101.0163585,97.79230124
Cameroon,2011,CMR,Africa,0.410241077,0.219057371,0.088226179,0.032985141,0.328126545,0.064499827,53.7,20.62575363,53.21453,40.08231938,25.0971215,67785932997,3314.898234,NA,52.164,3.997813481,100.8656347,100.5012276,83.26911065
Cameroon,2018,CMR,Africa,0.366560964,0.208307788,0.055636003,0.039584462,0.296140435,0.048493283,62.2,20.62575363,44.38042,19.61615666,20.03918655,93598989464,3732.501248,NA,56.374,3.828378075,100.2247139,100.0091487,97.76134942
Cameroon,2019,CMR,Africa,0.366560964,0.208307788,0.055636003,0.039584462,0.296140435,0.048493283,63.17689514,20.62575363,43.7701,19.70726189,20.37727018,96851610490,3756.509562,NA,56.968,3.823046878,115.2805361,102.7703792,95.63632052
Central African Republic,1994,CAF,Africa,0.465255697,0.359201825,0.112090149,0.078382665,0.422750092,0.09858044,NA,7.961732319,75.50013,4.171851371,27.08361053,3303511417,1036.283901,NA,37.149,3.363248159,NA,98.5428709,102.8550532
Central African Republic,1995,CAF,Africa,0.465255697,0.359201825,0.112090149,0.078382665,0.422750092,0.09858044,3,7.945680439,75.244,4.21129046,15.61614003,3541365744,1080.770061,NA,37.231,2.969852265,NA,100.0283564,106.387571
Chad,1996,TCD,Africa,0.489591365,0.387798008,0.171164225,0.156875866,0.467716003,0.168093661,NA,38.46092757,82.8372,NA,NA,6740363098,936.1237064,NA,21.506,4.575234504,NA,100.5300131,94.54330064
Chad,1997,TCD,Africa,0.489591365,0.387798008,0.171164225,0.156875866,0.467716003,0.168093661,2.3,38.61975858,82.52601,NA,NA,7121422268,955.7834783,NA,21.538,3.56963295,NA,100.0811296,96.6300981
Chad,2004,TCD,Africa,0.471009674,0.5,0.229302977,0,0.471267155,0.227266393,3.5,38.77858958,77.99574,NA,NA,13924293784,1448.40999,NA,21.768,4.587731966,NA,101.6549875,101.1306346
Chad,2014,TCD,Africa,0.417912463,0.327140405,0.142085022,0.146817623,0.400892233,0.142972409,8.432096481,39.89517154,70.8337,NA,NA,25499842274,1861.692904,NA,22.372,4.125793921,96.89691617,101.3861419,109.0954619
Chad,2015,TCD,Africa,0.417912463,0.327140405,0.142085022,0.146817623,0.400892233,0.142972409,7.7,39.89596569,70.47881,NA,NA,26205595208,1853.259365,NA,22.515,3.821269132,96.49751888,100.8448769,114.5056756
Colombia,1995,COL,Americas,0.284854384,0.187171685,0.021422553,0.013691065,0.223143705,0.016538214,91.2,40.11987382,18.23942,30.84021706,9.388289398,3.42E+11,9518.260141,NA,71.777,2.520882824,NA,101.4448371,104.2810342
Colombia,2000,COL,Americas,0.277056867,0.178252014,0.012954081,0.010980949,0.209295226,0.011600881,95.2,40.431726,20.23885,19.0076816,11.92903182,3.58E+11,9138.318915,58.7,73.957,2.198864928,NA,99.77135263,102.5091883
Colombia,2004,COL,Americas,0.141940158,0.171608603,0,0,0.162021727,0,95.27880096,38.20730059,19.91201,16.86316846,10.58335416,4.09E+11,9816.277588,55,75.62,1.970499762,NA,97.80483494,105.9626426
Colombia,2005,COL,Americas,0.141940158,0.171608603,0,0,0.162021727,0,96.8,38.35691753,20.70777,17.15724038,8.875428596,4.29E+11,10150.70792,53.9,76.024,1.898479988,NA,98.15093146,106.5677162
Colombia,2009,COL,Americas,0.223102667,0.067840291,0.033834703,0.010291431,0.134023404,0.020327134,96.057229,38.34159531,18.37897,14.77759476,10.27365539,5.10E+11,11507.71711,54.3,77.587,1.626404495,92.81245915,101.1719139,92.56160284
Colombia,2010,COL,Americas,0.223102667,0.067840291,0.033834703,0.010291431,0.134023404,0.020327134,96.788995,38.30824696,18.37932,11.26256926,9.699767671,5.33E+11,11890.20308,54.6,77.964,1.611612252,126.031782,101.6935538,119.8856306
Comoros,1996,COM,Africa,0.412621359,0.395721925,0.103559871,0.069518717,0.408695652,0.095652174,28.9,66.63084363,58.79275,63.88561881,42.62815981,1290992147,2611.821747,NA,28.257,1.997318548,NA,99.06599708,103.2514019
Comoros,2012,COM,Africa,0.338465967,0.268102498,0.134020622,0.159237348,0.319314828,0.140883971,69.3,71.46695325,41.62897,84.68093519,41.95039118,2132545541,3115.238033,NA,28.123,2.433842089,130.3322048,101.2905151,105.5609583
Congo,2005,COG,Africa,0.385865359,0.366760633,0.260477026,0.122903816,0.384205821,0.248526685,33.8,30.88433382,39.96863,NA,NA,17035360485,4638.199628,47.3,60.988,4.347636194,NA,NA,NA
Congo,2011,COG,Africa,0.290561257,0.193006122,0.05928586,0.057250425,0.233246446,0.058090018,40.81733704,31.02781845,35.94685,0.146859655,5.739262852,22906957465,4996.919313,48.9,63.712,3.962442445,NA,NA,NA
Congo,2012,COG,Africa,0.290561257,0.193006122,0.05928586,0.057250425,0.233246446,0.058090018,41.6,31.04538799,35.10573,0.209504429,6.074262932,25185547604,5343.554914,NA,64.169,3.490731273,NA,NA,NA
Congo Democratic Republic,2007,COD,Africa,0.521742038,0.387864032,0.110003224,0.120125984,0.468811019,0.114005435,15.2,11.31426303,69.80723,NA,NA,47760730565,792.1908849,NA,38.47,4.521138926,NA,NA,NA
Congo Democratic Republic,2013,COD,Africa,0.480034524,0.315754504,0.101932144,0.057369975,0.430847569,0.088589819,15.16549492,13.86383185,61.16999,NA,NA,69393292414,944.6402474,NA,41.627,4.727037581,NA,NA,NA
Congo Democratic Republic,2014,COD,Africa,0.480034524,0.315754504,0.101932144,0.057369975,0.430847569,0.088589819,13.5,14.22509429,59.66501,NA,NA,75965037127,999.0721335,NA,42.18,4.765734496,NA,NA,NA
Coted Ivoire,1994,CIV,Africa,0.382566869,0.234338683,0.120527095,0.090960497,0.33014573,0.11007082,36.5,61.94968553,52.56825,NA,NA,52042058109,3770.539306,NA,40.835,4.503519543,NA,NA,NA
Coted Ivoire,2011,CIV,Africa,0.351654603,0.204676134,0.087682207,0.094516041,0.300700814,0.090051328,55.8,64.77987421,47.44594,48.02865738,25.12801746,74694948352,3464.047037,NA,47.751,2.960809396,NA,NA,NA
Coted Ivoire,2012,CIV,Africa,0.351654603,0.204676134,0.087682207,0.094516041,0.300700814,0.090051328,55.8,65.09433962,46.32995,43.99587695,20.01166639,80387010984,3652.176767,NA,48.172,2.933226844,NA,NA,NA
Dominican Republic,1991,DOM,Americas,0.320359595,0.177149718,0.025155255,0.019577781,0.237004711,0.021908903,78.2,52.70130408,22.0076,NA,NA,44668313515,6137.104479,NA,55.497,2.563490393,NA,99.75479447,81.28560023
Dominican Republic,2002,DOM,Americas,0.153689711,0.11846686,0.028018822,0.019043508,0.131110308,0.022265249,89.749814,52.05961499,15.22064,14.12035251,16.35882862,84550223232,9613.331698,49.7,63.371,2.723702669,NA,100.5259755,79.011177
Dominican Republic,2007,DOM,Americas,0.130584868,0.08846049,0.017298243,0.031333856,0.102627993,0.026613321,96.876342,50.03104947,12.85388,15.2003726,11.74198772,1.10E+11,11677.25413,48.9,70.02,3.151995347,NA,99.50635619,142.0005171
Dominican Republic,2013,DOM,Americas,0.068988477,0.073440133,0.019063717,0.024464554,0.072283161,0.023060893,98.385853,48.68557235,11.08167,21.9950854,13.54961282,1.38E+11,13555.51136,47.7,76.749,2.491530296,NA,99.90977044,79.12288103
Egypt,1992,EGY,Africa,0.376218495,0.277999733,0.040308301,0.044802379,0.336924555,0.042106227,93.4,3.009975388,38.45592,NA,NA,3.80E+11,6339.668884,NA,43.212,2.016751041,105.9610075,96.22857482,104.8641281
Egypt,1993,EGY,Africa,0.376218495,0.277999733,0.040308301,0.044802379,0.336924555,0.042106227,95.39224243,3.028961776,35.29164,NA,NA,3.91E+11,6375.51818,NA,43.079,1.987372053,99.25203875,99.11839298,90.81541377
Egypt,1995,EGY,Africa,0.384248767,0.295579697,0.051849547,0.061027608,0.343810445,0.056035284,95.5,3.298005927,33.99336,9.895471549,28.38385332,4.26E+11,6635.536706,30.1,42.814,1.883887756,90.27728139,99.75816741,59.70014609
Egypt,1996,EGY,Africa,0.384248767,0.295579697,0.051849547,0.061027608,0.343810445,0.056035284,96.15432739,3.190978954,31.29879,10.61000292,29.47523086,4.47E+11,6817.992134,NA,42.681,1.844607351,67.28539951,100.0049917,68.37385616
Egypt,2000,EGY,Africa,0.305262296,0.209132085,0.037124327,0.031567942,0.266520118,0.034885005,97.7,3.306042493,29.63282,7.996953198,25.20347263,5.62E+11,7869.259493,NA,42.797,2.181715962,86.31906362,97.90645093,127.4465832
Egypt,2003,EGY,Africa,0.249426135,0.204299712,0.053600219,0.055651335,0.23181754,0.054400577,98.8,3.424581847,29.86846,8.501811173,25.01558013,6.14E+11,8088.216402,NA,42.935,2.195052605,90.80494131,100.6587983,65.25403752
Egypt,2005,EGY,Africa,0.283878419,0.246504342,0.047010702,0.065316193,0.269834479,0.053889299,99.4,3.539102918,30.9391,8.752290819,20.08248623,6.68E+11,8449.52522,NA,43.027,2.090310365,93.59016875,100.7960477,82.12663371
Egypt,2008,EGY,Africa,0.324736879,0.298838184,0.082915887,0.102339475,0.315150612,0.090105427,99.8,3.558189763,31.69212,10.87822516,17.8963919,8.19E+11,9770.221198,31.1,43.058,1.911946429,77.93727782,101.858138,97.98678296
Egypt,2014,EGY,Africa,0.220547996,0.247251755,0.111513893,0.114693526,0.228815588,0.112498321,99.8,3.73217138,27.54777,16.75262795,20.88403597,9.86E+11,10318.65092,NA,42.839,2.217820747,71.53317935,102.7693685,97.06847805
Eswatini,2006,SWZ,Africa,0.290577079,0.236353624,0.03526492,0.034334158,0.280947338,0.035099623,35.2,71.10465116,17.01631,25.94573371,15.55254801,7155856950,6639.718437,NA,21.91,-0.038107013,129.6150988,NA,NA
Eswatini,2007,SWZ,Africa,0.290577079,0.236353624,0.03526492,0.034334158,0.280947338,0.035099623,39.81287384,71.10465116,16.51625,21.12675704,20.5578827,7473246081,6894.087572,NA,21.829,0.209831704,91.38525208,NA,NA
Ethiopia,2000,ETH,Africa,0.61428273,0.527338306,0.131054366,0.073874597,0.605025424,0.124966217,12.7,30.534,76.69336,66.54020983,7.006182628,48196209694,719.0044355,NA,14.74,4.235576849,97.8103638,101.1655235,107.8486642
Ethiopia,2005,ETH,Africa,0.563418458,0.409200101,0.1303643,0.062687155,0.551554506,0.125157926,14,29.76342988,78.12075,75.7602064,10.59101368,65837648262,849.8476733,NA,15.7,4.095892776,100.2528283,101.2162479,103.1126715
Ethiopia,2010,ETH,Africa,0.462720386,0.314218743,0.11135464,0.059758196,0.444449621,0.105006518,25.49688148,31.61786145,73.64886,68.04262055,10.8818231,1.10E+11,1236.479409,33.2,17.319,5.210884782,112.0725541,100.5540123,104.2867011
Ethiopia,2011,ETH,Africa,0.462720386,0.314218743,0.11135464,0.059758196,0.444449621,0.105006518,23,32.18678248,72.49886,74.65776942,14.3759543,1.23E+11,1336.066951,NA,17.735,5.223891069,99.02442786,101.2296988,98.38544768
Ethiopia,2016,ETH,Africa,0.402801882,0.262826826,0.106645638,0.095414176,0.387871071,0.105447604,42.9,33.07936603,67.25632,83.65140428,13.11766857,1.96E+11,1864.487668,NA,19.866,4.945494657,104.309974,101.8354187,111.8836387
Gabon,2000,GAB,Africa,0.39971663,0.253026467,0.039064463,0.044754228,0.297157451,0.043042491,73.6,8.021888462,40.76076,0.844667132,18.23972401,20350525244,15987.08908,NA,78.879,3.549742507,NA,99.04642798,103.2827755
Gabon,2001,GAB,Africa,0.39971663,0.253026467,0.039064463,0.044754228,0.297157451,0.043042491,77.16642761,8.041522102,40.02191,0.817874643,18.32175307,20785056461,15907.86433,NA,79.633,3.560955435,NA,99.35195952,93.76176927
Gabon,2012,GAB,Africa,0.288999804,0.147286261,0.044660071,0.043096221,0.169868419,0.043345422,89.3,8.310451353,34.40435,0.091279444,9.284862298,26389777283,14367.99991,NA,86.634,4.185787962,104.5565272,100.6029264,106.4755222
Gambia,2013,GMB,Africa,0.29566914,0.192816456,0.158995522,0.140145992,0.250513168,0.150719911,51.5,63.63636364,51.81326,91.91195551,37.28243095,4185517979,1969.77695,NA,57.82,4.295494657,NA,NA,NA
Gambia,2019,GMB,Africa,0.201197016,0.159039587,0.058903312,0.054009182,0.173477163,0.055685266,62.1,62.64822134,48.70561,44.06738193,33.16055562,5226778680,2083.309058,NA,61.931,3.655721232,90.1530653,NA,NA
Gambia,2020,GMB,Africa,0.201197016,0.159039587,0.058903312,0.054009182,0.173477163,0.055685266,62.23400116,62.64822134,49.03005,88.32158585,28.81392373,5257694412,2042.620289,38.8,62.582,3.607885889,131.9385921,NA,NA
Ghana,1993,GHA,Africa,0.386363636,0.240083507,0.157114625,0.102296451,0.339369551,0.139503689,30.6,56.25384548,61.40996,NA,NA,40733771848,2447.408679,NA,38.644,4.376361925,105.2914374,98.71550622,94.82399572
Ghana,1994,GHA,Africa,0.386363636,0.240083507,0.157114625,0.102296451,0.339369551,0.139503689,30.36940575,56.69332865,60.46445,NA,NA,42077986213,2469.241636,NA,39.39,4.27062197,91.96298349,97.57472701,97.53329014
Ghana,1998,GHA,Africa,0.36492798,0.214230516,0.110902406,0.068820586,0.325958638,0.100020332,42.6,57.06781533,56.07885,56.60157359,10.23046937,49991967191,2671.266214,40.1,42.418,4.233212225,82.19613031,100.8741438,86.28920161
Ghana,1999,GHA,Africa,0.36492798,0.214230516,0.110902406,0.068820586,0.325958638,0.100020332,40.74053955,57.3945258,54.94506,51.0303193,11.73079827,52191612160,2721.603013,NA,43.184,4.228819121,115.8926432,98.78355022,112.0091015
Ghana,2003,GHA,Africa,0.445132194,0.267716299,0.087994719,0.08838223,0.387303762,0.088121027,48.3,55.33589347,54.24986,40.17378176,16.10234793,61879220991,2901.107873,NA,45.951,4.196494828,103.5699682,100.2163205,108.0662197
Ghana,2008,GHA,Africa,0.322714879,0.214377497,0.10312441,0.090936562,0.281774178,0.098518622,60.5,52.75890261,48.6171,34.91508284,14.75655177,83858706162,3447.274778,NA,49.351,3.963903055,114.8493738,99.49018035,116.67241
Ghana,2014,GHA,Africa,0.218362157,0.13148107,0.061475658,0.039435732,0.179247324,0.051553038,78.3,54.38452492,40.42176,26.9518408,20.7085709,1.31E+11,4628.901413,NA,53.419,3.671704153,93.30065229,99.94655244,104.9088001
Guatemala,1995,GTM,Americas,0.65097999,0.442207599,0.041756893,0.037512562,0.585719603,0.040430153,60.8,42.10526316,34.98078,65.1789675,11.86073257,62060619128,6033.042695,NA,43.654,3.22103718,NA,98.03498722,117.1722187
Guatemala,1998,GTM,Americas,0.645921111,0.430199773,0.03864959,0.023221792,0.572404284,0.033391868,70.12413025,43.27043673,37.55581,60.78694983,11.88022297,70014645110,6338.338074,NA,44.659,3.117190313,NA,99.98865996,109.8895532
Guatemala,1999,GTM,Americas,0.645921111,0.430199773,0.03864959,0.023221792,0.572404284,0.033391868,70.9,43.85302352,38.66259,57.67239116,12.68218138,72708152049,6428.047976,NA,44.995,3.119040283,NA,97.86487893,106.0667807
Guatemala,2014,GTM,Americas,0.529794914,0.347069201,0.007405881,0.010031674,0.465053781,0.00833622,85.494371,39.98600224,31.53357,42.34654804,13.56660652,1.22E+11,7939.374378,48.3,49.634,2.381655772,111.929716,102.0474791,99.97405309
Guatemala,2015,GTM,Americas,0.529794914,0.347069201,0.007405881,0.010031674,0.465053781,0.00833622,90.53924561,41.65733483,31.87574,42.76389743,14.27176915,1.26E+11,8125.655534,NA,49.971,2.368139661,90.58832861,103.1494269,90.43726289
Guinea,1999,GIN,Africa,0.37840875,0.249538317,0.112211591,0.117784999,0.327980656,0.114392513,16.4,57.29285365,71.62967,3.274899662,30.56748482,13706998681,1676.718212,NA,30.595,3.148926008,106.6470868,98.45007534,115.6301953
Guinea,2005,GIN,Africa,0.434881224,0.283584668,0.133726084,0.118080166,0.393889005,0.129486986,20.2,57.46784958,68.39218,9.198225874,15.83830828,16346085309,1788.389654,NA,32.257,2.850515627,91.9300055,101.3839624,98.9758694
Guinea,2012,GIN,Africa,0.352421931,0.185859868,0.122124767,0.089871145,0.311881982,0.114274479,26.2,58.6032883,65.00591,NA,NA,21328791923,1976.958089,33.7,34.255,3.295982919,98.62456473,99.81835121,103.1779243
Guinea,2018,GIN,Africa,0.345872321,0.232012612,0.105164138,0.111928223,0.313365624,0.107095269,45,59.50675566,60.29454,NA,NA,31032095919,2471.719002,29.6,36.14,3.498230942,97.27841546,100.9248172,102.2293645
Guyana,2009,GUY,Americas,0.213586365,0.138906978,0.06509179,0.06155014,0.197046178,0.064307376,77.6,5.293370587,20.59812,43.45858423,14.33411922,7061304646,9399.307091,NA,26.869,-1.258299312,76.18597974,101.3598662,84.81870718
Haiti,1994,HTI,Americas,0.436926606,0.319849683,0.091743119,0.088116334,0.403373093,0.090703705,NA,57.87373004,53.56103,24.42352584,NA,20099192477,2684.871514,NA,31.987,3.773902697,NA,101.3664331,74.22661286
Haiti,1995,HTI,Americas,0.436926606,0.319849683,0.091743119,0.088116334,0.403373093,0.090703705,31.3,57.69230769,52.98215,37.47531609,NA,22088551756,2895.979628,NA,32.59,3.736502683,NA,101.8196541,116.0000084
Haiti,2000,HTI,Americas,0.353964615,0.177737331,0.06091159,0.054825029,0.299276959,0.059022781,33.7,61.32075472,51.52645,NA,NA,25010835039,2991.646162,NA,35.6,3.548742766,87.83558657,99.6222366,91.86080462
Haiti,2005,HTI,Americas,0.365120614,0.23448095,0.115644707,0.074759363,0.321108372,0.101870516,34.53017044,64.22351234,50.34937,NA,NA,26510684397,2909.457347,NA,42.638,3.93933451,134.14816,100.166627,158.2227515
Haiti,2006,HTI,Americas,0.365120614,0.23448095,0.115644707,0.074759363,0.321108372,0.101870516,33.9,64.22351234,50.24222,NA,NA,26979592287,2911.585771,NA,43.604,3.920455676,99.34848914,100.3794826,94.61306547
Haiti,2012,HTI,Americas,0.234674776,0.162429735,0.059321575,0.056001328,0.210505603,0.058210805,37.9,73.43976778,49.15488,NA,NA,30603098958,3027.450254,41.1,49.477,3.548379393,105.972571,98.63498969,126.4722421
Haiti,2016,HTI,Americas,0.227994229,0.173989815,0.03613717,0.05235913,0.210083854,0.041517126,40.4,75.03628447,47.36946,NA,NA,33912500082,3165.295692,NA,53.396,3.242233475,101.8512979,101.2940822,118.6255164
Haiti,2017,HTI,Americas,0.227994229,0.173989815,0.03613717,0.05235913,0.210083854,0.041517126,43.29354095,72.9317852,47.01501,NA,NA,34763795854,3200.042183,NA,54.346,3.151043155,123.8109991,100.8481417,109.8194617
Honduras,2005,HND,Americas,0.383352076,0.172129361,0.019030067,0.014752799,0.298714077,0.017316144,68.903309,28.15264992,33.10905,64.49692301,15.068085,33910327064,4482.757686,59.5,48.585,3.788189758,NA,101.5935397,97.51778046
Honduras,2006,HND,Americas,0.383352076,0.172129361,0.019030067,0.014752799,0.298714077,0.017316144,71.266448,28.24202342,35.62278,57.39891334,13.39652803,36137300832,4665.767292,57.5,49.245,3.708523536,NA,99.91767385,135.689559
Honduras,2011,HND,Americas,0.292928659,0.144074227,0.015979768,0.011548074,0.227963055,0.014045612,82.195298,29.59156314,35.30313,64.89057871,16.40145724,42033616973,4874.873584,52.6,52.543,3.270067592,112.6953135,100.7481433,100.3438972
Honduras,2012,HND,Americas,0.292928659,0.144074227,0.015979768,0.011548074,0.227963055,0.014045612,83.607727,30.01161855,37.005,54.48554836,16.70733304,43769053768,4978.074023,53.4,53.202,3.197257819,102.5009775,100.2869157,95.05709277
India,1992,IND,Asia,0.546060374,0.478392717,0.203556131,0.175775206,0.522676608,0.193955937,NA,60.97995755,63.11409,16.17991953,3.7775771,1.69E+12,1859.714851,NA,25.984,2.87029913,NA,98.72246679,89.25980533
India,1993,IND,Asia,0.546060374,0.478392717,0.203556131,0.175775206,0.522676608,0.193955937,50.9,61.00585566,62.70322,16.79386354,3.093370456,1.77E+12,1908.578224,31.7,26.191,2.841324866,NA,99.5872791,96.23655024
India,1998,IND,Asia,0.528173503,0.414942861,0.203426854,0.158976821,0.496821998,0.191119448,56.18213272,60.83499541,60.68718,17.17537306,7.981367171,2.41E+12,2359.892551,NA,27.24,2.66886959,NA,100.5505201,108.2603858
India,1999,IND,Asia,0.528173503,0.414942861,0.203426854,0.158976821,0.496821998,0.191119448,60.1,60.88443725,60.10669,14.49377429,6.625126022,2.62E+12,2521.576658,NA,27.453,2.628230166,NA,100.7899489,94.83509962
India,2000,IND,Asia,0.528173503,0.414942861,0.203426854,0.158976821,0.496821998,0.191119448,60.29283905,60.86896566,59.64473,12.79072942,4.312694752,2.72E+12,2571.149656,NA,27.667,2.598675553,NA,100.1755197,91.53989361
India,2015,IND,Asia,0.380820365,0.307735517,0.203217669,0.228947054,0.362389604,0.209706184,88,60.43172485,45.15931,11.33000905,5.24395869,7.16E+12,5411.875588,34.7,32.777,2.394052977,95.36090573,100.3490165,98.69558923
India,2015,IND,Asia,0.380820365,0.307735517,0.203217669,0.228947054,0.362389604,0.209706184,88,60.43172485,45.15931,11.33000905,5.24395869,7.16E+12,5411.875588,34.7,32.777,2.394052977,95.36090573,100.3490165,98.69558923
India,2016,IND,Asia,0.380820365,0.307735517,0.203217669,0.228947054,0.362389604,0.209706184,89.58630371,60.39909996,44.52136,11.16361472,6.088732203,7.75E+12,5789.678066,34.8,33.182,2.413097263,NA,100.6248801,101.1711353
India,2016,IND,Asia,0.380820365,0.307735517,0.203217669,0.228947054,0.362389604,0.209706184,89.58630371,60.39909996,44.52136,11.16361472,6.088732203,7.75E+12,5789.678066,34.8,33.182,2.413097263,NA,100.6248801,101.1711353
Jordan,1990,JOR,Asia,0.321464909,0.197971517,0.045657209,0.040952904,0.235179706,0.042370297,96.8,11.78830462,NA,10.59304447,25.82041209,28288911271,8127.626539,NA,73.291,6.641782967,NA,98.3862343,92.07318056
Jordan,1997,JOR,Asia,0.221851746,0.111754463,0.023917922,0.023072282,0.132591776,0.02323233,98.9,12.02402539,4.442595,28.95624693,23.53494457,40378466763,8530.064287,36.4,78.232,2.691268668,NA,97.16304382,119.6965026
Jordan,2002,JOR,Asia,0.197172879,0.120240728,0.028354232,0.022459593,0.138454629,0.023855165,99.5,11.61604714,3.933903,15.38630251,16.86263321,49922552175,9463.036557,37,78.296,2.166783557,117.3345023,100.9906342,120.7710339
Jordan,2007,JOR,Asia,0.17978221,0.173540162,0.091862574,0.080508688,0.174600968,0.082438226,98.8,10.91681777,3.706817,15.35886425,14.99629852,71391304756,11028.31219,NA,82.371,8.059279867,91.39288897,101.0786171,89.47455704
Jordan,2009,JOR,Asia,0.121322786,0.075121406,0.016842149,0.019296892,0.083431608,0.01885536,99.4,11.54539311,3.557925,16.24247269,17.01674049,80391483555,11856.28885,NA,84.928,3.667221105,NA,101.903983,68.76729444
Jordan,2012,JOR,Asia,0.093127664,0.076049996,0.023044281,0.028321162,0.079321381,0.027310327,99.5,11.76954269,3.540144,18.16038048,17.38654657,86556709696,12001.99029,NA,88.185,2.578148166,102.872477,102.6890779,96.7639796
Kazakhstan,1995,KAZ,Asia,0.286627633,0.095007813,0.076352163,0.080958451,0.220084472,0.077951773,99.9,80.44838315,36.26533,9.912882049,9.821902357,1.35E+11,8552.451996,NA,55.921,-2.024480443,NA,107.9738196,81.69083892
Kenya,1993,KEN,Africa,0.450630038,0.321900288,0.07243028,0.05996673,0.436563372,0.071068352,10.9,47.15887128,46.97553,52.68170963,13.60966702,85498552954,3367.167823,NA,17.645,4.673959981,NA,98.80923986,84.86040382
Kenya,1998,KEN,Africa,0.403586814,0.30395519,0.095670842,0.095601149,0.385974241,0.095658522,14.5,46.48768317,45.88969,58.38399699,14.42315891,99022547617,3398.472045,NA,19.222,4.389091907,NA,99.18073368,100.9707838
Kenya,2003,KEN,Africa,0.405548161,0.327804613,0.064217539,0.058362966,0.392091265,0.063204151,16,47.21861054,44.5861,42.43981124,12.18894294,1.09E+11,3241.674665,NA,20.948,4.686361533,NA,102.3860039,89.2504428
Kenya,2008,KEN,Africa,0.373054592,0.267482041,0.078959082,0.06357376,0.354890077,0.076311927,30.280056,47.58934533,41.56269,44.14532794,11.63870172,1.39E+11,3545.593502,NA,22.8,4.659556205,85.2161921,100.3627497,91.56287238
Kenya,2009,KEN,Africa,0.373054592,0.267482041,0.078959082,0.06357376,0.354890077,0.076311927,23,47.94075271,40.97344,43.72167233,15.39646654,1.44E+11,3555.988259,NA,23.183,4.626563536,81.01398814,102.6458642,93.1108884
Kenya,2014,KEN,Africa,0.520318956,0.353012133,0.229104968,0,0.501216676,0.202946876,36,48.58909934,37.26347,NA,NA,1.86E+11,4055.113188,NA,25.221,4.001703306,94.22643244,100.9465055,83.11051933
Kyrgyz Republic,1997,KGZ,Asia,0.377071555,0.294553076,0.03948942,0.026776492,0.358110658,0.036568274,99.8,55.58394161,48.28035,NA,NA,13512005720,2877.098569,NA,35.785,0.676324101,NA,NA,NA
Kyrgyz Republic,2012,KGZ,Asia,0.180226003,0.177798374,0.030154,0.030658771,0.179531689,0.030298367,99.8,55.22054223,30.09195,15.05170797,14.51421119,23882849033,4259.318204,27.4,35.423,1.865869594,NA,NA,NA
Lesotho,2004,LSO,Africa,0.477795989,0.442732336,0.06337601,0.057199224,0.473129281,0.062553927,6.8,76.21870883,39.68843,4.669903828,15.61575313,3798852609,1913.409501,NA,21.689,2.193597113,98.82585661,101.0588256,94.34327978
Lesotho,2005,LSO,Africa,0.477795989,0.442732336,0.06337601,0.057199224,0.473129281,0.062553927,9.618612289,76.64690382,37.83987,NA,NA,3930525493,1987.699903,NA,22.249,2.147418679,92.64048382,103.363923,82.26660518
Lesotho,2009,LSO,Africa,0.394249685,0.285426831,0.049265541,0.055952218,0.374404076,0.050484965,17,77.04216074,32.1566,8.571721905,28.94608876,4447649237,2213.676021,NA,24.293,2.773902148,101.1558636,100.1869434,110.5394615
Lesotho,2010,LSO,Africa,0.394249685,0.285426831,0.049265541,0.055952218,0.374404076,0.050484965,17,76.61396574,31.65167,16.41110322,19.65469293,4682025709,2314.686765,NA,24.798,2.731131429,111.125462,103.5436732,123.7624822
Lesotho,2014,LSO,Africa,0.342321822,0.286579529,0.042577967,0.017985453,0.327612583,0.036088511,27.8,74.97694335,30.44034,9.087997221,20.64616883,5392473363,2573.675672,NA,26.502,2.546553805,95.82697161,103.1552453,91.59781686
Liberia,2006,LBR,Africa,0.417590625,0.295622218,0.078325573,0.105594677,0.381533151,0.086387128,NA,16.06935631,50.76506,NA,NA,4349411335,1258.729846,NA,46.396,6.373784341,101.9485427,100.6379105,100.8428832
Liberia,2007,LBR,Africa,0.417590625,0.295622218,0.078325573,0.105594677,0.381533151,0.086387128,3,16.37438642,49.66524,NA,NA,4764139682,1311.445268,36.5,46.742,5.747949767,107.7790541,100.9233205,95.68777586
Liberia,2013,LBR,Africa,0.317280903,0.304683039,0.075235696,0.068119345,0.310923329,0.071644394,9.8,18.23662064,42.60717,NA,NA,7242899226,1635.95825,NA,48.985,3.006398834,94.05600712,100.5511488,90.95344429
Liberia,2019,LBR,Africa,0.345121951,0.243921307,0.037223209,0.038281192,0.293213123,0.03776588,23.1,19.96511628,40.71477,NA,NA,7256774358,1455.637649,NA,51.615,2.845409339,103.5514129,102.198735,113.0852068
Liberia,2020,LBR,Africa,0.345121951,0.243921307,0.037223209,0.038281192,0.293213123,0.03776588,27.5597496,19.96511628,41.22857,NA,NA,7040341696,1383.828099,NA,52.089,2.945325974,100.7945747,102.2286815,96.30630332
Madagascar,1992,MDG,Africa,0.66154485,0.540160643,0.056063123,0.03815261,0.643070998,0.053337265,9.2,62.54083984,76.52773,68.21932241,13.39245618,20375253257,1614.09342,NA,24.681,5.3442597,NA,98.68400578,97.00551653
Madagascar,1997,MDG,Africa,0.603699754,0.5411958,0.102330387,0.056514222,0.591017235,0.093033945,10.9,64.46676067,76.68018,54.90406157,15.18389819,22396637591,1515.446552,39.5,26.321,4.176364399,107.1353181,99.40072038,104.4422956
Madagascar,2003,MDG,Africa,0.566133835,0.495791505,0.149637197,0.138076038,0.551571577,0.147243807,20.3,70.23248616,77.98971,53.35511182,18.31887107,25940731552,1463.567922,NA,27.936,3.915457731,NA,100.4413553,100.5683026
Madagascar,2004,MDG,Africa,0.566133835,0.495791505,0.149637197,0.138076038,0.551571577,0.147243807,15.32857895,70.23248616,80.25998,37.33415046,14.58520506,27304436749,1496.070071,NA,28.211,3.906621696,NA,100.0448671,105.1314658
Malawi,2000,MWI,Africa,0.59158254,0.460973483,0.08215112,0.066191497,0.57383576,0.079982573,4.8,50.16970725,74.32322,89.23553054,9.837549174,12537522483,1116.492154,NA,14.61,2.905049954,103.5258364,97.98582893,104.0925731
Malawi,2004,MWI,Africa,0.584023522,0.47946555,0.07132677,0.075587435,0.570621534,0.071872892,6.9,52.82138311,73.36841,78.23105937,17.37043436,13501870606,1087.865487,39.9,14.964,3.236553601,105.5773718,100.1407933,112.4188589
Malawi,2005,MWI,Africa,0.584023522,0.47946555,0.07132677,0.075587435,0.570621534,0.071872892,6.619356632,54.9427238,72.82356,79.49595986,18.23450703,13943209764,1093.100857,NA,15.054,3.335982869,70.17993996,103.2057448,72.61330143
Malawi,2010,MWI,Africa,0.485787451,0.394397591,0.055840816,0.032877159,0.472121534,0.052406962,8.7,58.17776835,67.77662,77.80174059,14.40300451,19939126017,1354.705417,45.5,15.544,3.634122455,101.1737715,102.3877769,85.05703147
Malawi,2015,MWI,Africa,0.382809955,0.243030614,0.032157497,0.035631837,0.364638739,0.032609159,10.8,60.52184981,64.73297,81.11115954,13.26127392,24402550929,1440.618365,NA,16.313,3.874891639,87.73459876,102.056171,81.84474714
Malawi,2016,MWI,Africa,0.382809955,0.243030614,0.032157497,0.035631837,0.364638739,0.032609159,11,61.1158252,64.25194,83.60524937,17.56109077,25012614702,1437.042114,44.7,16.506,3.893951083,87.10057929,100.4663088,91.21489546
Maldives,2009,MDV,Asia,0.200573284,0.156205489,0.132383174,0.0901433,0.187882612,0.120301159,99.9,23.33333333,14.02111,97.66415292,22.21880812,5591675015,16020.29302,38.4,36.021,4.692119189,NA,99.69105401,116.8863965
Maldives,2016,MDV,Asia,0.171681727,0.134351579,0.094746017,0.113140676,0.162178059,0.099429008,100,21.33333333,8.551278,98.56063769,20.93336774,8482839325,18674.30264,31.3,38.954,5.293978564,NA,102.6555875,102.256382
Maldives,2017,MDV,Asia,0.171681727,0.134351579,0.094746017,0.113140676,0.162178059,0.099429008,99.8,21.33333333,8.716962,98.42132153,20.11873836,9081264533,19221.967,NA,39.38,5.014314947,NA,101.7671995,94.81860384
Mali,1995,MLI,Africa,0.391003586,0.301093558,0.284657879,0.287242537,0.363099681,0.285460037,NA,29.02744655,68.98966,NA,NA,13971789576,1408.29122,NA,25.519,3.911328395,97.8435185,99.14663018,96.12841821
Mali,1996,MLI,Africa,0.391003586,0.301093558,0.284657879,0.287242537,0.363099681,0.285460037,6.2,30.03630582,68.50761,19.05953285,19.93611314,14957609065,1476.287785,NA,25.975,3.873767083,90.04966036,100.4088366,90.36191976
Mali,2001,MLI,Africa,0.480741489,0.301105181,0.143007219,0.100491588,0.43957936,0.133265124,10.8,32.21547464,65.30138,9.977675967,14.32090966,20557608172,1774.682365,39.9,29.075,5.525103505,90.855672,101.1062089,94.04577117
Mali,2006,MLI,Africa,0.420700815,0.267640389,0.173505176,0.155932551,0.378498969,0.168660049,16.6,33.16368762,63.50759,5.849614759,17.25490551,26191614230,1922.526179,38.9,32.832,5.685134218,96.3992824,100.5970866,97.69040502
Mali,2012,MLI,Africa,0.422259267,0.234051582,0.15307878,0.135192811,0.386935735,0.149721874,25.6,33.95290897,72.34222,6.183237464,13.68446918,32083734773,1942.7395,NA,37.599,5.06877959,124.9495922,99.32998663,128.7401979
Mali,2013,MLI,Africa,0.422259267,0.234051582,0.15307878,0.135192811,0.386935735,0.149721874,32.4249649,34.10780288,73.49532,NA,NA,32820078395,1930.134951,NA,38.398,5.022845481,127.6481495,100.6452335,117.5636965
Mali,2018,MLI,Africa,0.30000974,0.180744406,0.100672062,0.079620799,0.275942535,0.096424012,50.9,34.88309198,63.00288,7.142161902,14.63047655,43567915125,2185.575591,36,42.356,5.043163163,114.5964153,100.175737,112.3077625
Moldova,2005,MDA,Europe,0.132499766,0.109831683,0.061444496,0.068870481,0.124568263,0.064042829,98.6,75.9805412,40.64518,71.30128087,11.53870677,20604206161,7131.987934,36.3,42.775,-0.744693684,112.2023308,98.37673821,116.6224608
Morocco,1992,MAR,Africa,0.359113712,0.219722038,0.030518395,0.023163468,0.305149885,0.027671022,49.2,68.59959668,42.97029,NA,NA,1.07E+11,4182.366699,NA,49.844,3.106965972,NA,98.02546286,87.71003585
Morocco,2003,MAR,Africa,0.321777155,0.193183952,0.125342475,0.097882438,0.255312411,0.111149467,75.0980072,69.18216446,43.89529,21.47435485,11.01545358,1.63E+11,5443.774902,NA,54.317,1.823103416,118.7324042,101.0781777,123.6466945
Morocco,2004,MAR,Africa,0.321777155,0.193183952,0.125342475,0.097882438,0.255312411,0.111149467,78.2,67.31122563,45.82528,19.0289972,10.91165504,1.71E+11,5620.288574,NA,54.644,1.846096263,101.6731458,99.89304196,97.98980234
Mozambique,1997,MOZ,Africa,0.472996378,0.357238582,0.10801744,0.12924374,0.440923075,0.113898664,6.6,46.78781251,85.04539,71.710624,23.80125216,8876586211,537.2675521,NA,28.535,4.559042438,NA,99.04522599,118.5943211
Mozambique,2003,MOZ,Africa,0.536424238,0.388496057,0.068664152,0.042648611,0.495678155,0.0614983,8.1,48.46862586,80.48325,17.0128813,13.57093441,14647829115,763.4344566,NA,29.637,3.205892744,NA,101.1964517,95.56384465
Mozambique,2004,MOZ,Africa,0.536424238,0.388496057,0.068664152,0.042648611,0.495678155,0.0614983,10.68801785,48.75040566,79.98763,16.03506298,14.74011833,15849640275,804.7785879,NA,29.818,3.220337146,NA,99.7940319,118.5622423
Mozambique,2011,MOZ,Africa,0.463429353,0.361518867,0.075198609,0.045090381,0.436077407,0.067117805,20.2,50.7035886,75.67738,20.49719238,12.33391276,25796795780,1085.704491,NA,32.336,4.509873374,89.60515154,100.3213732,106.7113252
Myanmar,2015,MMR,Asia,0.314498856,0.199699338,0.069420304,0.099612251,0.29039907,0.07575848,60.5,19.52134486,51.68998,31.90165251,11.13580183,2.17E+11,4214.372999,38.1,29.858,1.501582168,97.35181792,100.3202497,91.74659041
Myanmar,2016,MMR,Asia,0.314498856,0.199699338,0.069420304,0.099612251,0.29039907,0.07575848,55.6,19.5471675,51.38179,37.32330949,18.81817625,2.30E+11,4433.663837,NA,30.082,1.537545234,101.1023366,100.9904337,110.8038654
Namibia,1992,NAM,Africa,0.41308869,0.30603357,0.107236071,0.079389637,0.380741117,0.098822045,26.4,46.96036634,46.2435,NA,NA,9878230874,6758.102709,NA,28.336,4.685256635,NA,101.3235634,43.48789043
Namibia,2000,NAM,Africa,0.31372019,0.273471648,0.107735576,0.066691451,0.301980183,0.095763507,36.5,47.15227927,31.28954,28.80044848,16.89974383,12211898182,6713.002555,NA,32.373,3.897629183,111.7106194,99.06817588,107.9711252
Namibia,2006,NAM,Africa,0.320719616,0.25138134,0.096764703,0.07316622,0.294979817,0.088004459,40.51324081,47.15227927,30.52703,25.56988124,16.21408003,16634408910,8373.482632,NA,37.61,3.834512088,168.061452,97.41980828,176.628917
Namibia,2007,NAM,Africa,0.320719616,0.25138134,0.096764703,0.07316622,0.294979817,0.088004459,43.7,47.1377036,30.59103,23.57849068,15.39558277,17528349389,8714.103456,NA,38.598,3.840476166,68.82259417,100.7226321,114.2172472
Namibia,2013,NAM,Africa,0.247611183,0.170171504,0.105676595,0.093925124,0.214930486,0.100717299,47.4,47.13891824,31.39222,23.77069016,13.06519565,22314390766,10122.15448,NA,44.756,4.098142715,71.39135699,102.5074,72.9306592
Nepal,1996,NPL,Asia,0.582398523,0.464366711,0.140857755,0.097595756,0.573997924,0.137778697,17.9,29.39160839,75.45702,NA,NA,41360026368,1815.312616,NA,11.35,6.323644601,NA,100.2136813,95.72952962
Nepal,2001,NPL,Asia,0.60884269,0.442616379,0.102494019,0.079712409,0.597959206,0.101002419,24.6,29.71049878,72.73709,NA,NA,52013443156,2084.199999,NA,13.947,5.625200602,99.79595869,101.7749278,102.2503106
Nepal,2006,NPL,Asia,0.512869181,0.355915619,0.137381672,0.075876523,0.493730215,0.129881715,51.2,29.19427973,70.80859,NA,NA,60609432109,2285.512213,NA,15.462,2.930862886,99.22877986,103.2274928,89.33089345
Nepal,2011,NPL,Asia,0.413144659,0.271783136,0.109494417,0.085385358,0.400847076,0.107397077,67.26,28.78688525,67.33437,18.62529951,14.17951927,75359645822,2763.828323,NA,17.108,2.392602494,109.4726883,100.4286897,128.0695053
Nepal,2016,NPL,Asia,0.402584153,0.320608534,0.108524761,0.094587553,0.359473021,0.101195158,90.7,28.74782002,64.5966,24.36423179,18.2328817,90400474173,3244.6743,NA,18.942,2.957937293,107.5702522,103.5316961,102.6979908
Nepal,2017,NPL,Asia,0.402584153,0.320608534,0.108524761,0.094587553,0.359473021,0.101195158,86.62465668,28.74782002,63.79161,26.12469729,17.64285679,98515977279,3495.5288,NA,19.336,3.208642768,94.64509248,101.6356562,102.0387543
Nicaragua,1997,NIC,Americas,0.40663418,0.279439257,0.039680878,0.030805135,0.340464245,0.035063497,71.03321075,39.95346518,34.66117,68.70859841,14.44924698,17410029862,3555.997751,NA,54.737,1.996092914,NA,99.41397857,83.45480006
Nicaragua,1998,NIC,Americas,0.40663418,0.279439257,0.039680878,0.030805135,0.340464245,0.035063497,69.047103,40.82599302,34.20382,82.94211348,17.64063231,18056234713,3629.720769,54.4,54.886,1.864297994,NA,100.7554276,108.7665331
Nicaragua,2001,NIC,Americas,0.393190614,0.17145086,0.030653891,0.016914049,0.282033948,0.023766199,72.22158,43.00315772,32.46694,77.27142113,15.95949078,20715069650,3989.218391,52.9,55.335,1.619705813,NA,100.1215102,88.09681528
Niger,1992,NER,Africa,0.464342314,0.354002137,0.212361331,0.14469646,0.41959097,0.184918074,4.4,27.63085182,78.01292,NA,NA,9162547184,1028.616229,36.1,15.529,3.629235563,98.91919262,97.19817419,92.38485633
Niger,1998,NER,Africa,0.474884127,0.36266793,0.234052968,0.1726059,0.441373064,0.215703063,6.7,28.42030473,78.21832,30.35311393,38.61639189,10721104120,987.6723292,NA,16.02,3.898988891,124.9634478,100.3598531,113.3101358
Niger,2006,NER,Africa,0.612258345,0.38201445,0.147366115,0.103237038,0.5667518,0.138644226,9.3,33.93779111,78.18704,34.0008692,27.84874875,13866994232,965.3207141,NA,16.238,3.589795927,NA,101.0157267,100.7536933
Niger,2012,NER,Africa,0.452480023,0.314360203,0.198597938,0.156366686,0.434972096,0.193244748,14.4,35.35328018,74.54763,16.06216226,31.71717067,19302877914,1075.105288,NA,16.212,3.785905865,121.5382229,100.1914272,126.7440519
Nigeria,1990,NGA,Africa,0.534511432,0.423617823,0.119515154,0.087296761,0.508366745,0.111919226,27.3,64.46633069,NA,NA,NA,3.10E+11,3259.581175,NA,29.68,5.492673052,98.40214815,100.1730054,94.82487574
Nigeria,2003,NGA,Africa,0.493030842,0.351436494,0.137181798,0.104695,0.445927964,0.126374716,52.2,72.41894221,46.8777,0.023576845,15.49647911,4.77E+11,3585.994603,40.1,37.356,4.988981123,103.1064168,100.8208802,121.2087511
Nigeria,2008,NGA,Africa,0.448869369,0.310251967,0.154567515,0.107966935,0.404223076,0.139558266,50.3,73.23034356,42.85565,1.288146478,9.778790493,6.70E+11,4396.800555,NA,41.702,4.859830828,105.7961102,99.24407471,107.4541205
Nigeria,2013,NGA,Africa,0.438560876,0.2725554,0.216678161,0.202513215,0.37820898,0.211528443,55.6,74.0494307,38.27072,5.051333247,17.82938979,9.15E+11,5238.832672,NA,46.118,4.606379879,87.51265112,101.0022025,84.9493947
Nigeria,2018,NGA,Africa,0.444724684,0.262376438,0.085470393,0.055619744,0.364117983,0.072274969,56.5,74.87290974,35.91854,1.982736756,10.9317926,1.01E+12,5089.777634,35.1,50.344,4.148946368,108.5131656,100.2121046,106.5522982
Pakistan,1990,PAK,Asia,0.540707225,0.444979186,0.152849217,0.098773941,0.503789167,0.131994782,NA,45.66988377,NA,9.321604607,17.35378521,3.50E+11,3034.113268,33.2,30.576,4.115170064,NA,99.94774911,121.883923
Pakistan,1991,PAK,Asia,0.540707225,0.444979186,0.152849217,0.098773941,0.503789167,0.131994782,NA,45.75290577,45.74823,10.36961525,12.15745616,3.68E+11,3086.349903,NA,30.826,4.044952363,NA,97.50961392,86.02452062
Pakistan,2012,PAK,Asia,0.497538292,0.395874607,0.133492067,0.110907895,0.467014827,0.126711405,88.56819916,46.78160025,42.86045,17.10753397,11.05996232,8.40E+11,4153.10639,NA,35.408,2.381463234,NA,97.66275736,85.12902836
Pakistan,2013,PAK,Asia,0.497538292,0.395874607,0.133492067,0.110907895,0.467014827,0.126711405,89.33152008,47.06309672,42.23656,19.95987864,10.20374491,8.76E+11,4268.359921,29.5,35.613,2.114193721,NA,100.6791446,111.6312475
Pakistan,2017,PAK,Asia,0.415887883,0.317898173,0.077982486,0.07333057,0.384518723,0.076493282,92.661026,48.00098589,39.84668,18.65807131,11.80993043,1.06E+12,4891.719774,NA,36.442,1.900540086,133.1367949,102.4304297,90.18635658
Pakistan,2018,PAK,Asia,0.415887883,0.317898173,0.077982486,0.07333057,0.384518723,0.076493282,93.39749146,47.93612495,37.41642,20.83980642,10.03770896,1.12E+12,5113.434292,29.6,36.666,2.149966084,88.99653718,104.1615652,61.65642142
Papua New Guinea,2016,PNG,Oceania,0.462578875,0.324068289,0.105077,0.116728537,0.447539066,0.106342152,13.5,2.932473612,20.47484,NA,NA,34924111919,3924.423946,NA,13.05,2.760287788,NA,101.890889,113.6530045
Papua New Guinea,2017,PNG,Oceania,0.462578875,0.324068289,0.105077,0.116728537,0.447539066,0.106342152,19.23093987,3.102504085,20.03649,NA,NA,36158543357,3967.016196,NA,13.102,2.791785699,NA,101.1955963,117.3781691
Papua New Guinea,2018,PNG,Oceania,0.462578875,0.324068289,0.105077,0.116728537,0.447539066,0.106342152,16.6,3.102504085,19.74101,NA,NA,36057569799,3865.011517,NA,13.169,2.835354562,NA,100.7180667,105.0380471
Paraguay,1990,PRY,Americas,0.259182128,0.133462234,0.006572641,0.008255903,0.205304483,0.007294008,NA,35.58915177,NA,52.38306805,8.021575352,35796536248,8818.629371,40.8,48.694,4.236078431,NA,98.55620636,106.9105803
Peru,1991,PER,Americas,0.582575736,0.299316314,0.026705607,0.018373587,0.410823402,0.021653546,NA,17.57830609,39.97092,NA,NA,1.18E+11,5244.144642,NA,69.3,2.69826575,NA,100.132804,81.70175596
Peru,1992,PER,Americas,0.582575736,0.299316314,0.026705607,0.018373587,0.410823402,0.021653546,70.1,17.62769883,40.21165,23.23850558,21.86676017,1.18E+11,5110.73742,NA,69.697,2.6061045,NA,100.8914807,84.27981458
Peru,1996,PER,Americas,0.513682991,0.243234982,0.025872393,0.012344702,0.351847704,0.017777463,67,17.69039063,37.83364,28.39316995,16.6146609,1.54E+11,6171.955202,NA,71.377,2.455569918,NA,98.80567399,96.60898452
Peru,2000,PER,Americas,0.515415958,0.20862093,0.016619367,0.008260309,0.348710957,0.012077257,72.496495,18.14945313,37.3744,19.19464046,11.6506244,1.70E+11,6375.616316,49.1,73.042,2.084718045,91.10702516,99.2090209,106.0508094
Peru,2005,PER,Americas,0.454633886,0.156534289,0.009651858,0.010081365,0.28230154,0.009900158,77.173645,18.744375,33.84402,17.01111599,11.44797695,2.10E+11,7443.931118,50.5,75.034,1.425302133,73.12937068,98.71218615,94.97156822
Peru,2005,PER,Americas,0.454633886,0.156534289,0.009651858,0.010081365,0.28230154,0.009900158,77.173645,18.744375,33.84402,17.01111599,11.44797695,2.10E+11,7443.931118,50.5,75.034,1.425302133,73.12937068,98.71218615,94.97156822
Peru,2007,PER,Americas,0.454633886,0.156534289,0.009651858,0.010081365,0.28230154,0.009900158,81.988131,18.99421875,29.20555,13.69345057,10.43535792,2.44E+11,8548.604027,50,75.803,1.274968853,84.01873056,98.11753949,105.3474281
Peru,2007,PER,Americas,0.454633886,0.156534289,0.009651858,0.010081365,0.28230154,0.009900158,81.988131,18.99421875,29.20555,13.69345057,10.43535792,2.44E+11,8548.604027,50,75.803,1.274968853,84.01873056,98.11753949,105.3474281
Peru,2008,PER,Americas,0.454633886,0.156534289,0.009651858,0.010081365,0.28230154,0.009900158,84.678343,19.11992188,28.43563,15.68351755,9.984425179,2.67E+11,9262.151136,47.5,76.052,1.044934386,96.09081659,98.50694592,104.4891242
Peru,2008,PER,Americas,0.454633886,0.156534289,0.009651858,0.010081365,0.28230154,0.009900158,84.678343,19.11992188,28.43563,15.68351755,9.984425179,2.67E+11,9262.151136,47.5,76.052,1.044934386,96.09081659,98.50694592,104.4891242
Peru,2009,PER,Americas,0.361890459,0.151374305,0.015216214,0.012851824,0.230563305,0.013741227,86.42432,19.24484375,27.75239,17.06711381,10.99931996,2.70E+11,9298.078003,47,76.241,0.950928331,100.811006,99.98096287,105.213507
Peru,2010,PER,Americas,0.383811836,0.140108671,0.012734343,0.007252969,0.229861375,0.009271688,88.123061,19.37054688,26.80542,15.54590341,10.32375499,2.92E+11,9996.937323,45.5,76.43,1.003950159,NA,100.6192292,84.30635148
Peru,2011,PER,Americas,0.482669861,0.119912516,0.050669807,0,0.236662307,0.016307566,89.707491,19.50328125,27.05899,16.16537569,10.17600543,3.11E+11,10539.98196,44.7,76.617,1.089748868,NA,99.08389622,103.4405501
Peru,2012,PER,Americas,0,0.082998914,0,0,0.068476433,0,91.099508,19.60957813,26.14643,15.716071,10.00792311,3.30E+11,11084.87394,44.4,76.804,1.161830437,NA,99.46107952,88.76589632
Rwanda,1992,RWA,Africa,0.599147727,0.44,0.049431818,0.046956522,0.591481749,0.049312586,2.3,74.38184029,88.96507,NA,NA,7049425944,920.626153,NA,6.288,15.81869776,NA,98.00302736,93.60679473
Rwanda,2000,RWA,Africa,0.535824783,0.370668071,0.094767321,0.093786266,0.511382013,0.094622127,6.2,74.01702473,89.09539,NA,NA,6886525471,849.1411604,48.5,14.926,7.194394516,NA,100.9731237,90.97114988
Rwanda,2005,RWA,Africa,0.576796898,0.405080082,0.048460379,0.045471457,0.553342891,0.048052136,4.8,76.24645318,85.47916,56.60640834,13.97703258,10157147562,1125.283747,52,16.912,2.655334888,89.77722266,103.4385073,83.93198524
Rwanda,2010,RWA,Africa,0.462695016,0.279391614,0.031442926,0.037840341,0.44139916,0.032186166,9.7,77.90839076,79.30169,52.50740535,14.92488385,15137840896,1468.405798,47.2,16.934,2.630692113,108.8550688,102.961154,116.3562631
Rwanda,2011,RWA,Africa,0.462695016,0.279391614,0.031442926,0.037840341,0.44139916,0.032186166,10.8,78.75962708,78.06486,43.67611096,15.73869782,16342569936,1545.1144,NA,16.938,2.58916006,113.9232753,100.3275983,149.5689853
Rwanda,2014,RWA,Africa,0.407817679,0.238388458,0.026154021,0.021903048,0.380420558,0.025466628,19.8,81.31333604,68.45253,36.2404069,17.08531624,19739466064,1736.337348,NA,16.967,2.495463765,88.10850107,99.50111575,89.49376671
Rwanda,2015,RWA,Africa,0.407817679,0.238388458,0.026154021,0.021903048,0.380420558,0.025466628,22.8,81.3538711,65.61141,46.58382023,15.42305661,21487759384,1845.55828,NA,17.004,2.603805547,93.08126336,98.96762527,112.535449
Rwanda,2019,RWA,Africa,0,NA,0,NA,0,0,46.6,77.17875963,52.67843,34.79496895,16.93633203,28115923656,2190.561926,NA,17.313,2.9816935,98.84697984,103.1929375,65.60665674
Rwanda,2020,RWA,Africa,0,NA,0,NA,0,0,45.19010925,79.39197406,55.48949,24.69308068,16.65589756,27166584660,2066.471672,NA,17.432,3.081725956,130.1142305,104.0473761,114.2223556
Sao Tomeand Principe,2008,STP,Africa,0.308310373,0.321274149,0.151483175,0.120910808,0.315285805,0.135033071,59.12295151,35.41666667,24.3245,92.4897505,27.33859253,520106982.5,2989.051875,NA,62.68,4.287140087,NA,NA,NA
Sao Tomeand Principe,2009,STP,Africa,0.308310373,0.321274149,0.151483175,0.120910808,0.315285805,0.135033071,56.9,35.41666667,23.7515,92.45028352,35.9073588,537283069.1,3016.275201,NA,63.823,4.149585468,NA,NA,NA
Senegal,1992,SEN,Africa,0.375175316,0.221324717,0.107293128,0.06542811,0.303678679,0.087837838,NA,45.60328261,52.20106,NA,NA,19358219346,2427.510861,NA,39.18,3.163572355,77.04067845,98.91698891,86.18614748
Senegal,1993,SEN,Africa,0.375175316,0.221324717,0.107293128,0.06542811,0.303678679,0.087837838,26,45.80065444,52.17622,NA,NA,19621532363,2393.876688,NA,39.321,3.105498794,89.57376761,99.34891718,91.11347096
Senegal,2005,SEN,Africa,0.261727936,0.13271205,0.093712467,0.054209046,0.215922565,0.079687303,47.1,45.58250662,41.64574,28.82237566,28.13925298,30590478999,2787.526892,39.2,41.714,3.524171016,125.1955874,101.4391344,126.9359526
Senegal,2010,SEN,Africa,0.3248363,0.27410946,0.101248329,0.115012629,0.306919716,0.106109843,56.5,48.18989248,38.18845,26.75654669,22.40869292,35462162599,2830.153244,NA,43.773,3.660986428,145.6568175,102.09591,133.9838938
Senegal,2011,SEN,Africa,0.3248363,0.27410946,0.101248329,0.115012629,0.306919716,0.106109843,56.5,46.56417182,37.30752,30.54086608,22.94585228,35935260147,2790.89741,40.3,44.188,3.665643914,90.18477429,101.4402767,94.24543458
Senegal,2012,SEN,Africa,0.220836866,0.167895594,0.115063498,0.082925321,0.204458284,0.105120825,56.5,46.56417182,36.15148,26.84801449,24.14579369,37373747012,2824.532853,NA,44.603,3.661748015,131.1550505,99.90597757,120.9969722
Senegal,2013,SEN,Africa,0.220836866,0.167895594,0.115063498,0.082925321,0.204458284,0.105120825,57,46.5797538,34.86473,34.0313093,24.22837158,38275345782,2815.281525,NA,45.019,3.640179785,103.4928517,100.7151391,110.1257708
Senegal,2014,SEN,Africa,0.2381324,0.138905317,0.078680759,0.057028088,0.19612922,0.069515106,61,46.60052979,32.94773,34.77063221,22.78184927,40657631795,2910.288864,NA,45.436,3.64105838,80.86436394,100.7745771,92.08891262
Senegal,2015,SEN,Africa,0.248578604,0.149994921,0.099807334,0.079801349,0.212270523,0.092439188,60.5,48.44959227,31.26126,31.35999205,21.68893548,43246320959,3012.383374,NA,45.862,3.657856949,122.9976238,100.606463,103.1538268
Senegal,2016,SEN,Africa,0.204598092,0.117588853,0.09657315,0.065653124,0.172423136,0.085139301,64.5,48.24183244,34.31206,32.21956318,23.35121055,45995086774,3118.024321,NA,46.296,3.657309854,102.3353504,101.3273135,107.0573832
Senegal,2017,SEN,Africa,0.210724055,0.107988338,0.10729687,0.081294164,0.172994883,0.097747508,61.7,48.42362229,28.10363,34.23162449,23.98999431,49402166473,3259.19258,NA,46.74,3.672444683,98.50626547,101.2862833,105.4906208
Senegal,2018,SEN,Africa,0.230304349,0.12689886,0.094744597,0.07173421,0.191034937,0.086006141,66,48.60541214,22.24504,32.29266541,21.04371725,52469666065,3368.858596,38.3,47.192,3.677054615,90.00355138,100.2210005,99.76165128
Senegal,2019,SEN,Africa,0.216055246,0.118986147,0.096464919,0.070286355,0.180561257,0.086892546,70.4,48.79758999,22.98974,32.91885718,19.60916133,54890421321,3430.483882,NA,47.653,3.669749732,89.92980359,101.443553,80.23483494
Sierra Leone,2008,SLE,Africa,0.405883554,0.292205869,0.11897972,0.13310629,0.376192461,0.122669392,12.1,51.43017456,66.80607,NA,NA,8195393846,1345.523267,NA,38.077,3.546338957,NA,99.68937914,94.39109495
Sierra Leone,2013,SLE,Africa,0.412494298,0.311841934,0.110943316,0.127367291,0.38962258,0.114675414,13.5,54.70559712,59.15611,NA,NA,13337463016,1914.965259,NA,40.036,3.552432158,NA,100.6039999,100.9455851
Sierra Leone,2019,SLE,Africa,0.368308046,0.385100915,0.025705116,0.029771901,0.376104296,0.027593159,22.7,54.71044611,44.47901,NA,NA,13324285830,1655.84325,NA,42.484,3.347745277,NA,101.8369369,116.2552803
South Africa,2016,ZAF,Africa,0.289897491,0.24289055,0.034744455,0.024270053,0.264530916,0.029092105,83.9,79.41785028,16.05315,11.16212853,8.359258844,7.81E+11,13844.27596,NA,65.341,1.760214053,NA,104.6875544,94.21602825
Tajikistan,2012,TJK,Asia,0.291814504,0.240972573,0.112211679,0.109396876,0.280690474,0.111595811,99.1,33.93112318,50.62821,NA,NA,20767318240,2610.145948,NA,26.545,2.270346716,118.7006976,92.48690011,98.67022349
Tanzania,1991,TZA,Africa,0.542633981,0.488241846,0.081200853,0.072677809,0.531014507,0.079380125,NA,35.63105667,84.48772,NA,NA,34812489619,1331.588135,35.3,19.208,4.281118707,NA,99.88406083,105.9372755
Tanzania,1992,TZA,Africa,0.542633981,0.488241846,0.081200853,0.072677809,0.531014507,0.079380125,6.8,36.05101603,84.57672,NA,NA,35015906700,1305.956177,NA,19.536,4.226101764,NA,99.48280041,95.52336531
Tanzania,1996,TZA,Africa,0.546212769,0.41818096,0.095722995,0.083783827,0.523300729,0.093586411,9.4,37.73085347,84.46139,NA,15.57195943,38972698688,1287.702637,NA,20.888,3.547701238,NA,100.4709302,96.6935488
Tanzania,1999,TZA,Africa,0.568306114,0.304907289,0.060392812,0.067508022,0.521357871,0.061661028,8,38.27048995,83.59936,69.87742462,16.2380974,43878032234,1347.957764,NA,21.947,4.281405765,94.63551143,99.76352979,98.51758005
Tanzania,2004,TZA,Africa,0.505382833,0.371378988,0.037798673,0.033622638,0.479648255,0.036996692,11.4,39.23808986,76.8834,33.13403179,14.96623287,59742733030,1603.247314,NA,24.223,5.272588403,NA,100.0839254,105.3403847
Tanzania,2005,TZA,Africa,0.505382833,0.371378988,0.037798673,0.033622638,0.479648255,0.036996692,13.7959013,39.86701287,74.51484,37.08462429,9.592580469,64209290486,1676.07373,NA,24.845,5.308371285,NA,102.3135179,75.3881515
Tanzania,2009,TZA,Africa,0.444872358,0.313552829,0.055188718,0.054491459,0.419162391,0.055052207,11.2,41.9809212,70.72587,25.73218527,8.929132878,81253531199,1903.369385,NA,27.439,4.949957439,87.94575002,101.4150859,99.58090562
Tanzania,2010,TZA,Africa,0.444872358,0.313552829,0.055188718,0.054491459,0.419162391,0.055052207,14.8,42.22059156,70.25407,24.02376473,9.964801735,86402180238,1972.367432,NA,28.114,5.018489355,91.11396519,101.7930372,89.19418673
Tanzania,2015,TZA,Africa,0.37467948,0.252639293,0.055214586,0.045144331,0.343305759,0.052625755,26.22121811,43.41894333,67.5038,40.55632303,5.627208061,1.18E+11,2306.66748,NA,31.617,5.625505692,105.1521511,100.9727775,97.74321762
Tanzania,2016,TZA,Africa,0.37467948,0.252639293,0.055214586,0.045144331,0.343305759,0.052625755,32.8,43.65861368,66.88446,36.93547011,10.76075316,1.26E+11,2381.222412,NA,32.333,5.716223626,98.51874332,99.97717738,111.9456794
Timor-Leste,2009,TLS,Asia,0.604463456,0.49217397,0.214207066,0.1546788,0.580675289,0.201596194,46.26508331,22.75722932,49.58447,NA,NA,2901865454,2723.375429,NA,27.389,3.383763133,NA,NA,NA
Timor-Leste,2010,TLS,Asia,0.604463456,0.49217397,0.214207066,0.1546788,0.580675289,0.201596194,38,22.73032952,48.51842,NA,NA,3172653371,2914.739712,NA,27.732,3.375088752,NA,NA,NA
Timor-Leste,2016,TLS,Asia,0.48206994,0.427408449,0.287002926,0.223136015,0.467453433,0.269924885,76.5,22.93880296,45.18868,NA,NA,4034767113,3294.865522,NA,29.85,2.756419605,NA,NA,NA
Togo,1998,TGO,Africa,0.333987532,0.211742645,0.15898275,0.095289869,0.304102249,0.143411712,15.3,61.59220445,57.63551,15.40985491,12.81186358,8519381202,1801.786394,NA,32.016,4.296811109,91.97389719,100.4734368,99.21007284
Togo,2013,TGO,Africa,0.326328137,0.160892681,0.074487963,0.066572326,0.269279959,0.071758362,40.95233917,70.2334988,36.86628,20.07118033,12.38777852,12812097262,1802.93898,NA,39.061,3.886964983,78.888231,100.3947804,92.32620259
Togo,2014,TGO,Africa,0.326328137,0.160892681,0.074487963,0.066572326,0.269279959,0.071758362,45.7,70.2334988,36.69096,19.30723379,13.91212482,13533833477,1856.904814,NA,39.579,3.848413739,92.5355234,100.1238398,107.3869474
Turkey,1993,TUR,Asia,0.331865447,0.179647842,0.040513627,0.035987568,0.235901523,0.037660223,NA,51.85998467,42.49572,22.56374378,5.626028624,7.76E+11,13536.22095,NA,61.055,2.633449479,NA,93.24842783,88.00862436
Turkey,1998,TUR,Asia,0.250995254,0.142378801,0.039932409,0.031711614,0.178469653,0.034443203,NA,51.86778062,41.02421,17.36468612,5.034034875,9.44E+11,15158.99951,NA,63.703,2.388145359,NA,102.4852766,109.9008244
Turkey,2013,TUR,Asia,0.086185159,0.395276513,0.09481372,0,0.233098309,0.049748137,100,49.92398945,22.92381,11.17289335,4.900974571,1.83E+12,24047.29225,40.2,72.531,2.055325341,NA,103.1683624,86.69030407
Uganda,1995,UGA,Africa,0.492741293,0.303191011,0.071446394,0.070967527,0.471890286,0.071393717,6.8,60.66763425,71.41171,85.99606844,15.79455554,22251243312,1075.935648,NA,12.846,5.574803919,NA,100.3303631,99.62203565
Uganda,2000,UGA,Africa,0.488444163,0.353901649,0.056730854,0.032690275,0.475906523,0.05449058,7.398890495,62.61948851,69.4983,62.88678985,14.05805673,29822484786,1241.532866,NA,14.786,5.92654402,96.01316743,100.8648457,93.00283651
Uganda,2001,UGA,Africa,0.488444163,0.353901649,0.056730854,0.032690275,0.475906523,0.05449058,8.6,63.11996397,69.32254,62.80511652,12.22671923,31368381337,1266.727361,NA,15.201,5.812838621,109.6095543,101.389709,98.66251691
Uganda,2006,UGA,Africa,0.386084392,0.268216816,0.066752615,0.078025493,0.373575777,0.067948941,9,67.37775887,74.5702,54.37271972,13.6065147,45691949359,1588.002255,NA,17.425,5.619865346,105.6738505,101.3127137,111.6856312
Uganda,2011,UGA,Africa,0.36058824,0.192802073,0.058699237,0.050856185,0.338476554,0.057665641,14.6,71.63873928,68.79872,53.87174356,13.46325303,66460476474,1996.065577,NA,19.898,5.529397674,109.9412124,101.0844112,107.4182935
Uzbekistan,1996,UZB,Asia,0.426709126,0.440746614,0.141096427,0.136068504,0.43113052,0.13951278,99.6,64.97414198,40.10982,NA,NA,61560407925,2650.609598,NA,44.208,2.997543053,NA,96.05381247,66.61173898
Yemen,2013,YEM,Asia,0.517630628,0.334709171,0.180562136,0.152818782,0.467666174,0.172984121,75.6,44.50821069,27.97914,6.197036467,28.61877276,NA,NA,NA,33.559,4.666343162,NA,100.6193905,56.64413451
Zambia,1992,ZMB,Africa,0.554083749,0.426378897,0.066643135,0.066666667,0.493509448,0.066654297,19.2,28.33640485,72.54799,NA,NA,17291229945,2141.504615,NA,38.514,1.204589264,NA,101.4962291,79.68350515
Zambia,1996,ZMB,Africa,0.574168372,0.43745428,0.0644586,0.040394487,0.520794273,0.055063809,17.3,29.37085514,72.28341,6.379950876,10.96272075,18442391350,2071.708828,48.3,36.638,1.214170512,NA,100.6484072,94.82587859
Zambia,1997,ZMB,Africa,0.574168372,0.43745428,0.0644586,0.040394487,0.520794273,0.055063809,17.11245918,29.60357282,71.97517,4.758919532,8.505553255,19145785539,2096.294593,NA,36.176,1.294322736,NA,99.92093468,106.6953483
Zambia,2001,ZMB,Africa,0.599531601,0.456228483,0.067594636,0.072175704,0.554594631,0.069031167,20.2082119,30.34073636,69.69974,9.588165531,8.901694589,21839213307,2142.787524,NA,35.002,3.569088714,NA,99.61730111,110.4907948
Zambia,2002,ZMB,Africa,0.599531601,0.456228483,0.067594636,0.072175704,0.554594631,0.069031167,17.4,30.42279288,70.28196,9.703583609,10.91704897,22823291377,2171.931179,42.1,35.475,4.398829134,NA,101.8153564,93.4374989
Zambia,2007,ZMB,Africa,0.483706791,0.397574043,0.064871602,0.053943445,0.459581565,0.061810696,18.5,30.91782241,69.47437,7.346923169,5.418645139,32754266256,2641.031564,NA,37.881,4.824192493,117.1809422,100.9741186,95.10034317
Zambia,2013,ZMB,Africa,0.420978546,0.360878153,0.068770946,0.076908778,0.400900286,0.071489622,30.05270195,31.93074967,62.64296,9.218048532,4.223654209,50745829682,3330.876903,NA,40.865,4.529647587,100.4373265,100.2667391,103.804249
Zambia,2014,ZMB,Africa,0.420978546,0.360878153,0.068770946,0.076908778,0.400900286,0.071489622,27.9,31.93209486,61.54718,8.801433646,4.67366291,53129864885,3375.94127,NA,41.382,4.504314683,94.11709472,99.2647815,116.3899522
Zambia,2018,ZMB,Africa,0.359809719,0.321605407,0.042438316,0.055216646,0.346521334,0.046882928,40.2293396,32.06795894,59.77799,6.208452836,5.276300553,61104858650,3425.948936,NA,43.521,4.322059676,97.27456835,98.9547005,107.039527
Zambia,2019,ZMB,Africa,0.359809719,0.321605407,0.042438316,0.055216646,0.346521334,0.046882928,43,32.06795894,57.37186,7.31129261,7.261888296,61985566660,3372.35898,NA,44.072,4.265728185,66.42423964,102.3084223,106.8237886
Zimbabwe,1994,ZWE,Africa,0.327911549,0.276228351,0.067183232,0.058919652,0.314539603,0.065045204,28.1,35.46594287,64.54076,54.91310728,4.827025459,28993603670,2670.106615,NA,31.335,1.856697353,NA,100.1079376,73.45939403
Zimbabwe,1999,ZWE,Africa,0.376746968,0.304661235,0.11653325,0.051767465,0.35491069,0.096914337,38.4,38.36112188,63.86676,50.6949441,8.792567325,33579742474,2866.032886,NA,33.347,2.676076518,108.3912689,98.54349373,106.1254171
Zimbabwe,2005,ZWE,Africa,0.378806857,0.295646682,0.082943791,0.068670988,0.357817224,0.079341335,36.12142181,41.61819827,72.81236,23.85360415,12.79544238,22177833712,1814.174381,NA,34.11,-0.014148145,90.03582337,104.4647405,92.30541647
Zimbabwe,2006,ZWE,Africa,0.378806857,0.295646682,0.082943791,0.068670988,0.357817224,0.079341335,37.2,42.13519452,73.33482,13.97534458,20.89149095,21410149065,1736.358333,NA,33.926,0.320336245,100.1071697,99.44180244,113.8887015
Zimbabwe,2010,ZWE,Africa,0.330404597,0.281123626,0.03943833,0.032604178,0.317756193,0.037684283,38.88620758,41.87669639,67.19594,22.43802707,17.91169454,23105684494,1799.540233,NA,33.196,0.706879123,102.2020529,101.86393,109.1319234
Zimbabwe,2011,ZWE,Africa,0.330404597,0.281123626,0.03943833,0.032604178,0.317756193,0.037684283,36.9,42.39369265,65.86273,27.25569858,14.69196638,26483783455,2033.181375,43.2,33.015,0.891611679,113.8359796,99.97903408,121.2684636
Zimbabwe,2015,ZWE,Africa,0.281308522,0.223685202,0.042605341,0.028288387,0.264514469,0.03843273,33.7,41.87669639,66.45557,32.51711483,17.0111458,32752805148,2313.878553,NA,32.385,1.769505057,69.98530614,102.8490343,61.41353855